./Abuzz/Ae. aegypti/0_ti_10130f.wav,Ae,aegypti
./Abuzz/Ae. aegypti/0_ti_11-16-2016-111457 10130f.wav,Ae,aegypti
./Abuzz/Ae. aegypti/0_ti_11-16-2016-111839 10130f.wav,Ae,aegypti
./Abuzz/Ae. aegypti/0_ti_Aela.wav,Ae,aegypti
./Abuzz/Ae. aegypti/0_ti_Aela1.wav,Ae,aegypti
./Abuzz/Ae. aegypti/0_ti_Aela2.wav,Ae,aegypti
./Abuzz/Ae. aegypti/0_ti_Aela3.wav,Ae,aegypti
./Abuzz/Ae. aegypti/0_ti_Aela4.wav,Ae,aegypti
./Abuzz/Ae. aegypti/0_ti_Aela5.wav,Ae,aegypti
./Abuzz/Ae. aegypti/0_ti_Voice0091.wav,Ae,aegypti
./Abuzz/Ae. aegypti/0_ti_Voice0092.wav,Ae,aegypti
./Abuzz/Ae. aegypti/0_ti_Voice0121 AEGY ui.wav,Ae,aegypti
./Abuzz/Ae. aegypti/0_ti_Voice0122.wav,Ae,aegypti
./Abuzz/Ae. aegypti/0_ti_Voice0123.wav,Ae,aegypti
./Abuzz/Ae. aegypti/0_ti_Voice0124.wav,Ae,aegypti
./Abuzz/Ae. aegypti/0_ti_Voice0125 aegy ui.wav,Ae,aegypti
./Abuzz/Ae. aegypti/0_ti_Voice0131 10130f.wav,Ae,aegypti
./Abuzz/Ae. aegypti/0_ti_Voice0132.wav,Ae,aegypti
./Abuzz/Ae. aegypti/0_ti_Voice0133.wav,Ae,aegypti
./Abuzz/Ae. aegypti/0_ti_Voice0134.wav,Ae,aegypti
./Abuzz/Ae. aegypti/0_ti_Voice0135 AEGY10130f.wav,Ae,aegypti
./Abuzz/Ae. aegypti/100_ti_10130f.wav,Ae,aegypti
./Abuzz/Ae. aegypti/100_ti_11-16-2016-111457 10130f.wav,Ae,aegypti
./Abuzz/Ae. aegypti/100_ti_11-16-2016-111839 10130f.wav,Ae,aegypti
./Abuzz/Ae. aegypti/10_ti_10130f.wav,Ae,aegypti
./Abuzz/Ae. aegypti/10_ti_11-16-2016-111457 10130f.wav,Ae,aegypti
./Abuzz/Ae. aegypti/10_ti_11-16-2016-111839 10130f.wav,Ae,aegypti
./Abuzz/Ae. aegypti/10_ti_Aela1.wav,Ae,aegypti
./Abuzz/Ae. aegypti/10_ti_Aela2.wav,Ae,aegypti
./Abuzz/Ae. aegypti/10_ti_Aela3.wav,Ae,aegypti
./Abuzz/Ae. aegypti/10_ti_Aela4.wav,Ae,aegypti
./Abuzz/Ae. aegypti/10_ti_Aela5.wav,Ae,aegypti
./Abuzz/Ae. aegypti/10_ti_Voice0091.wav,Ae,aegypti
./Abuzz/Ae. aegypti/10_ti_Voice0092.wav,Ae,aegypti
./Abuzz/Ae. aegypti/10_ti_Voice0121 AEGY ui.wav,Ae,aegypti
./Abuzz/Ae. aegypti/10_ti_Voice0122.wav,Ae,aegypti
./Abuzz/Ae. aegypti/10_ti_Voice0123.wav,Ae,aegypti
./Abuzz/Ae. aegypti/10_ti_Voice0124.wav,Ae,aegypti
./Abuzz/Ae. aegypti/10_ti_Voice0125 aegy ui.wav,Ae,aegypti
./Abuzz/Ae. aegypti/10_ti_Voice0131 10130f.wav,Ae,aegypti
./Abuzz/Ae. aegypti/10_ti_Voice0132.wav,Ae,aegypti
./Abuzz/Ae. aegypti/10_ti_Voice0133.wav,Ae,aegypti
./Abuzz/Ae. aegypti/10_ti_Voice0134.wav,Ae,aegypti
./Abuzz/Ae. aegypti/10_ti_Voice0135 AEGY10130f.wav,Ae,aegypti
./Abuzz/Ae. aegypti/110_ti_10130f.wav,Ae,aegypti
./Abuzz/Ae. aegypti/110_ti_11-16-2016-111457 10130f.wav,Ae,aegypti
./Abuzz/Ae. aegypti/110_ti_11-16-2016-111839 10130f.wav,Ae,aegypti
./Abuzz/Ae. aegypti/120_ti_10130f.wav,Ae,aegypti
./Abuzz/Ae. aegypti/120_ti_11-16-2016-111457 10130f.wav,Ae,aegypti
./Abuzz/Ae. aegypti/120_ti_11-16-2016-111839 10130f.wav,Ae,aegypti
./Abuzz/Ae. aegypti/130_ti_10130f.wav,Ae,aegypti
./Abuzz/Ae. aegypti/130_ti_11-16-2016-111457 10130f.wav,Ae,aegypti
./Abuzz/Ae. aegypti/130_ti_11-16-2016-111839 10130f.wav,Ae,aegypti
./Abuzz/Ae. aegypti/140_ti_10130f.wav,Ae,aegypti
./Abuzz/Ae. aegypti/140_ti_11-16-2016-111457 10130f.wav,Ae,aegypti
./Abuzz/Ae. aegypti/140_ti_11-16-2016-111839 10130f.wav,Ae,aegypti
./Abuzz/Ae. aegypti/150_ti_10130f.wav,Ae,aegypti
./Abuzz/Ae. aegypti/150_ti_11-16-2016-111839 10130f.wav,Ae,aegypti
./Abuzz/Ae. aegypti/160_ti_10130f.wav,Ae,aegypti
./Abuzz/Ae. aegypti/160_ti_11-16-2016-111839 10130f.wav,Ae,aegypti
./Abuzz/Ae. aegypti/170_ti_10130f.wav,Ae,aegypti
./Abuzz/Ae. aegypti/170_ti_11-16-2016-111839 10130f.wav,Ae,aegypti
./Abuzz/Ae. aegypti/180_ti_10130f.wav,Ae,aegypti
./Abuzz/Ae. aegypti/180_ti_11-16-2016-111839 10130f.wav,Ae,aegypti
./Abuzz/Ae. aegypti/190_ti_10130f.wav,Ae,aegypti
./Abuzz/Ae. aegypti/190_ti_11-16-2016-111839 10130f.wav,Ae,aegypti
./Abuzz/Ae. aegypti/200_ti_10130f.wav,Ae,aegypti
./Abuzz/Ae. aegypti/200_ti_11-16-2016-111839 10130f.wav,Ae,aegypti
./Abuzz/Ae. aegypti/20_ti_10130f.wav,Ae,aegypti
./Abuzz/Ae. aegypti/20_ti_11-16-2016-111457 10130f.wav,Ae,aegypti
./Abuzz/Ae. aegypti/20_ti_11-16-2016-111839 10130f.wav,Ae,aegypti
./Abuzz/Ae. aegypti/20_ti_Aela1.wav,Ae,aegypti
./Abuzz/Ae. aegypti/20_ti_Aela2.wav,Ae,aegypti
./Abuzz/Ae. aegypti/20_ti_Aela3.wav,Ae,aegypti
./Abuzz/Ae. aegypti/20_ti_Aela4.wav,Ae,aegypti
./Abuzz/Ae. aegypti/20_ti_Aela5.wav,Ae,aegypti
./Abuzz/Ae. aegypti/20_ti_Voice0091.wav,Ae,aegypti
./Abuzz/Ae. aegypti/20_ti_Voice0092.wav,Ae,aegypti
./Abuzz/Ae. aegypti/20_ti_Voice0121 AEGY ui.wav,Ae,aegypti
./Abuzz/Ae. aegypti/20_ti_Voice0122.wav,Ae,aegypti
./Abuzz/Ae. aegypti/20_ti_Voice0123.wav,Ae,aegypti
./Abuzz/Ae. aegypti/20_ti_Voice0124.wav,Ae,aegypti
./Abuzz/Ae. aegypti/20_ti_Voice0125 aegy ui.wav,Ae,aegypti
./Abuzz/Ae. aegypti/20_ti_Voice0131 10130f.wav,Ae,aegypti
./Abuzz/Ae. aegypti/20_ti_Voice0132.wav,Ae,aegypti
./Abuzz/Ae. aegypti/20_ti_Voice0133.wav,Ae,aegypti
./Abuzz/Ae. aegypti/20_ti_Voice0134.wav,Ae,aegypti
./Abuzz/Ae. aegypti/20_ti_Voice0135 AEGY10130f.wav,Ae,aegypti
./Abuzz/Ae. aegypti/210_ti_10130f.wav,Ae,aegypti
./Abuzz/Ae. aegypti/210_ti_11-16-2016-111839 10130f.wav,Ae,aegypti
./Abuzz/Ae. aegypti/220_ti_10130f.wav,Ae,aegypti
./Abuzz/Ae. aegypti/220_ti_11-16-2016-111839 10130f.wav,Ae,aegypti
./Abuzz/Ae. aegypti/230_ti_10130f.wav,Ae,aegypti
./Abuzz/Ae. aegypti/230_ti_11-16-2016-111839 10130f.wav,Ae,aegypti
./Abuzz/Ae. aegypti/240_ti_10130f.wav,Ae,aegypti
./Abuzz/Ae. aegypti/250_ti_10130f.wav,Ae,aegypti
./Abuzz/Ae. aegypti/260_ti_10130f.wav,Ae,aegypti
./Abuzz/Ae. aegypti/270_ti_10130f.wav,Ae,aegypti
./Abuzz/Ae. aegypti/280_ti_10130f.wav,Ae,aegypti
./Abuzz/Ae. aegypti/30_ti_10130f.wav,Ae,aegypti
./Abuzz/Ae. aegypti/30_ti_11-16-2016-111457 10130f.wav,Ae,aegypti
./Abuzz/Ae. aegypti/30_ti_11-16-2016-111839 10130f.wav,Ae,aegypti
./Abuzz/Ae. aegypti/30_ti_Aela1.wav,Ae,aegypti
./Abuzz/Ae. aegypti/30_ti_Aela2.wav,Ae,aegypti
./Abuzz/Ae. aegypti/30_ti_Aela3.wav,Ae,aegypti
./Abuzz/Ae. aegypti/30_ti_Aela4.wav,Ae,aegypti
./Abuzz/Ae. aegypti/30_ti_Aela5.wav,Ae,aegypti
./Abuzz/Ae. aegypti/30_ti_Voice0091.wav,Ae,aegypti
./Abuzz/Ae. aegypti/30_ti_Voice0092.wav,Ae,aegypti
./Abuzz/Ae. aegypti/30_ti_Voice0121 AEGY ui.wav,Ae,aegypti
./Abuzz/Ae. aegypti/30_ti_Voice0122.wav,Ae,aegypti
./Abuzz/Ae. aegypti/30_ti_Voice0123.wav,Ae,aegypti
./Abuzz/Ae. aegypti/30_ti_Voice0124.wav,Ae,aegypti
./Abuzz/Ae. aegypti/30_ti_Voice0125 aegy ui.wav,Ae,aegypti
./Abuzz/Ae. aegypti/30_ti_Voice0131 10130f.wav,Ae,aegypti
./Abuzz/Ae. aegypti/30_ti_Voice0132.wav,Ae,aegypti
./Abuzz/Ae. aegypti/30_ti_Voice0133.wav,Ae,aegypti
./Abuzz/Ae. aegypti/30_ti_Voice0134.wav,Ae,aegypti
./Abuzz/Ae. aegypti/30_ti_Voice0135 AEGY10130f.wav,Ae,aegypti
./Abuzz/Ae. aegypti/40_ti_10130f.wav,Ae,aegypti
./Abuzz/Ae. aegypti/40_ti_11-16-2016-111457 10130f.wav,Ae,aegypti
./Abuzz/Ae. aegypti/40_ti_11-16-2016-111839 10130f.wav,Ae,aegypti
./Abuzz/Ae. aegypti/40_ti_Aela1.wav,Ae,aegypti
./Abuzz/Ae. aegypti/40_ti_Aela2.wav,Ae,aegypti
./Abuzz/Ae. aegypti/40_ti_Aela3.wav,Ae,aegypti
./Abuzz/Ae. aegypti/40_ti_Aela4.wav,Ae,aegypti
./Abuzz/Ae. aegypti/40_ti_Aela5.wav,Ae,aegypti
./Abuzz/Ae. aegypti/40_ti_Voice0091.wav,Ae,aegypti
./Abuzz/Ae. aegypti/40_ti_Voice0092.wav,Ae,aegypti
./Abuzz/Ae. aegypti/40_ti_Voice0121 AEGY ui.wav,Ae,aegypti
./Abuzz/Ae. aegypti/40_ti_Voice0122.wav,Ae,aegypti
./Abuzz/Ae. aegypti/40_ti_Voice0123.wav,Ae,aegypti
./Abuzz/Ae. aegypti/40_ti_Voice0124.wav,Ae,aegypti
./Abuzz/Ae. aegypti/40_ti_Voice0125 aegy ui.wav,Ae,aegypti
./Abuzz/Ae. aegypti/40_ti_Voice0131 10130f.wav,Ae,aegypti
./Abuzz/Ae. aegypti/40_ti_Voice0132.wav,Ae,aegypti
./Abuzz/Ae. aegypti/40_ti_Voice0133.wav,Ae,aegypti
./Abuzz/Ae. aegypti/40_ti_Voice0134.wav,Ae,aegypti
./Abuzz/Ae. aegypti/40_ti_Voice0135 AEGY10130f.wav,Ae,aegypti
./Abuzz/Ae. aegypti/50_ti_10130f.wav,Ae,aegypti
./Abuzz/Ae. aegypti/50_ti_11-16-2016-111457 10130f.wav,Ae,aegypti
./Abuzz/Ae. aegypti/50_ti_11-16-2016-111839 10130f.wav,Ae,aegypti
./Abuzz/Ae. aegypti/50_ti_Aela1.wav,Ae,aegypti
./Abuzz/Ae. aegypti/50_ti_Aela2.wav,Ae,aegypti
./Abuzz/Ae. aegypti/50_ti_Aela3.wav,Ae,aegypti
./Abuzz/Ae. aegypti/50_ti_Aela4.wav,Ae,aegypti
./Abuzz/Ae. aegypti/50_ti_Aela5.wav,Ae,aegypti
./Abuzz/Ae. aegypti/50_ti_Voice0091.wav,Ae,aegypti
./Abuzz/Ae. aegypti/50_ti_Voice0092.wav,Ae,aegypti
./Abuzz/Ae. aegypti/50_ti_Voice0121 AEGY ui.wav,Ae,aegypti
./Abuzz/Ae. aegypti/50_ti_Voice0122.wav,Ae,aegypti
./Abuzz/Ae. aegypti/50_ti_Voice0123.wav,Ae,aegypti
./Abuzz/Ae. aegypti/50_ti_Voice0124.wav,Ae,aegypti
./Abuzz/Ae. aegypti/50_ti_Voice0125 aegy ui.wav,Ae,aegypti
./Abuzz/Ae. aegypti/50_ti_Voice0131 10130f.wav,Ae,aegypti
./Abuzz/Ae. aegypti/50_ti_Voice0132.wav,Ae,aegypti
./Abuzz/Ae. aegypti/50_ti_Voice0133.wav,Ae,aegypti
./Abuzz/Ae. aegypti/50_ti_Voice0134.wav,Ae,aegypti
./Abuzz/Ae. aegypti/50_ti_Voice0135 AEGY10130f.wav,Ae,aegypti
./Abuzz/Ae. aegypti/60_ti_10130f.wav,Ae,aegypti
./Abuzz/Ae. aegypti/60_ti_11-16-2016-111457 10130f.wav,Ae,aegypti
./Abuzz/Ae. aegypti/60_ti_11-16-2016-111839 10130f.wav,Ae,aegypti
./Abuzz/Ae. aegypti/70_ti_10130f.wav,Ae,aegypti
./Abuzz/Ae. aegypti/70_ti_11-16-2016-111457 10130f.wav,Ae,aegypti
./Abuzz/Ae. aegypti/70_ti_11-16-2016-111839 10130f.wav,Ae,aegypti
./Abuzz/Ae. aegypti/80_ti_10130f.wav,Ae,aegypti
./Abuzz/Ae. aegypti/80_ti_11-16-2016-111457 10130f.wav,Ae,aegypti
./Abuzz/Ae. aegypti/80_ti_11-16-2016-111839 10130f.wav,Ae,aegypti
./Abuzz/Ae. aegypti/90_ti_10130f.wav,Ae,aegypti
./Abuzz/Ae. aegypti/90_ti_11-16-2016-111457 10130f.wav,Ae,aegypti
./Abuzz/Ae. aegypti/90_ti_11-16-2016-111839 10130f.wav,Ae,aegypti
./Abuzz/Ae. albopictus/0_us_11-16-2016-125240 albopictus f.wav,Ae,albopictus
./Abuzz/Ae. albopictus/0_us_albof.wav,Ae,albopictus
./Abuzz/Ae. albopictus/0_us_Voice0136 albof.wav,Ae,albopictus
./Abuzz/Ae. albopictus/0_us_Voice0137.wav,Ae,albopictus
./Abuzz/Ae. albopictus/0_us_Voice0138.wav,Ae,albopictus
./Abuzz/Ae. albopictus/0_us_Voice0139.wav,Ae,albopictus
./Abuzz/Ae. albopictus/0_us_Voice0140 albof.wav,Ae,albopictus
./Abuzz/Ae. albopictus/100_us_11-16-2016-125240 albopictus f.wav,Ae,albopictus
./Abuzz/Ae. albopictus/100_us_albof.wav,Ae,albopictus
./Abuzz/Ae. albopictus/10_us_11-16-2016-125240 albopictus f.wav,Ae,albopictus
./Abuzz/Ae. albopictus/10_us_albof.wav,Ae,albopictus
./Abuzz/Ae. albopictus/10_us_Voice0136 albof.wav,Ae,albopictus
./Abuzz/Ae. albopictus/10_us_Voice0137.wav,Ae,albopictus
./Abuzz/Ae. albopictus/10_us_Voice0138.wav,Ae,albopictus
./Abuzz/Ae. albopictus/10_us_Voice0139.wav,Ae,albopictus
./Abuzz/Ae. albopictus/10_us_Voice0140 albof.wav,Ae,albopictus
./Abuzz/Ae. albopictus/110_us_11-16-2016-125240 albopictus f.wav,Ae,albopictus
./Abuzz/Ae. albopictus/110_us_albof.wav,Ae,albopictus
./Abuzz/Ae. albopictus/120_us_11-16-2016-125240 albopictus f.wav,Ae,albopictus
./Abuzz/Ae. albopictus/120_us_albof.wav,Ae,albopictus
./Abuzz/Ae. albopictus/130_us_11-16-2016-125240 albopictus f.wav,Ae,albopictus
./Abuzz/Ae. albopictus/130_us_albof.wav,Ae,albopictus
./Abuzz/Ae. albopictus/140_us_11-16-2016-125240 albopictus f.wav,Ae,albopictus
./Abuzz/Ae. albopictus/140_us_albof.wav,Ae,albopictus
./Abuzz/Ae. albopictus/150_us_11-16-2016-125240 albopictus f.wav,Ae,albopictus
./Abuzz/Ae. albopictus/150_us_albof.wav,Ae,albopictus
./Abuzz/Ae. albopictus/160_us_11-16-2016-125240 albopictus f.wav,Ae,albopictus
./Abuzz/Ae. albopictus/160_us_albof.wav,Ae,albopictus
./Abuzz/Ae. albopictus/170_us_11-16-2016-125240 albopictus f.wav,Ae,albopictus
./Abuzz/Ae. albopictus/170_us_albof.wav,Ae,albopictus
./Abuzz/Ae. albopictus/180_us_11-16-2016-125240 albopictus f.wav,Ae,albopictus
./Abuzz/Ae. albopictus/180_us_albof.wav,Ae,albopictus
./Abuzz/Ae. albopictus/190_us_11-16-2016-125240 albopictus f.wav,Ae,albopictus
./Abuzz/Ae. albopictus/190_us_albof.wav,Ae,albopictus
./Abuzz/Ae. albopictus/200_us_11-16-2016-125240 albopictus f.wav,Ae,albopictus
./Abuzz/Ae. albopictus/200_us_albof.wav,Ae,albopictus
./Abuzz/Ae. albopictus/20_us_11-16-2016-125240 albopictus f.wav,Ae,albopictus
./Abuzz/Ae. albopictus/20_us_albof.wav,Ae,albopictus
./Abuzz/Ae. albopictus/20_us_Voice0136 albof.wav,Ae,albopictus
./Abuzz/Ae. albopictus/20_us_Voice0137.wav,Ae,albopictus
./Abuzz/Ae. albopictus/20_us_Voice0138.wav,Ae,albopictus
./Abuzz/Ae. albopictus/20_us_Voice0139.wav,Ae,albopictus
./Abuzz/Ae. albopictus/20_us_Voice0140 albof.wav,Ae,albopictus
./Abuzz/Ae. albopictus/210_us_11-16-2016-125240 albopictus f.wav,Ae,albopictus
./Abuzz/Ae. albopictus/210_us_albof.wav,Ae,albopictus
./Abuzz/Ae. albopictus/220_us_11-16-2016-125240 albopictus f.wav,Ae,albopictus
./Abuzz/Ae. albopictus/220_us_albof.wav,Ae,albopictus
./Abuzz/Ae. albopictus/230_us_11-16-2016-125240 albopictus f.wav,Ae,albopictus
./Abuzz/Ae. albopictus/230_us_albof.wav,Ae,albopictus
./Abuzz/Ae. albopictus/240_us_11-16-2016-125240 albopictus f.wav,Ae,albopictus
./Abuzz/Ae. albopictus/240_us_albof.wav,Ae,albopictus
./Abuzz/Ae. albopictus/250_us_11-16-2016-125240 albopictus f.wav,Ae,albopictus
./Abuzz/Ae. albopictus/250_us_albof.wav,Ae,albopictus
./Abuzz/Ae. albopictus/260_us_11-16-2016-125240 albopictus f.wav,Ae,albopictus
./Abuzz/Ae. albopictus/260_us_albof.wav,Ae,albopictus
./Abuzz/Ae. albopictus/270_us_11-16-2016-125240 albopictus f.wav,Ae,albopictus
./Abuzz/Ae. albopictus/270_us_albof.wav,Ae,albopictus
./Abuzz/Ae. albopictus/280_us_11-16-2016-125240 albopictus f.wav,Ae,albopictus
./Abuzz/Ae. albopictus/280_us_albof.wav,Ae,albopictus
./Abuzz/Ae. albopictus/290_us_11-16-2016-125240 albopictus f.wav,Ae,albopictus
./Abuzz/Ae. albopictus/290_us_albof.wav,Ae,albopictus
./Abuzz/Ae. albopictus/300_us_11-16-2016-125240 albopictus f.wav,Ae,albopictus
./Abuzz/Ae. albopictus/300_us_albof.wav,Ae,albopictus
./Abuzz/Ae. albopictus/30_us_11-16-2016-125240 albopictus f.wav,Ae,albopictus
./Abuzz/Ae. albopictus/30_us_albof.wav,Ae,albopictus
./Abuzz/Ae. albopictus/30_us_Voice0136 albof.wav,Ae,albopictus
./Abuzz/Ae. albopictus/30_us_Voice0137.wav,Ae,albopictus
./Abuzz/Ae. albopictus/30_us_Voice0138.wav,Ae,albopictus
./Abuzz/Ae. albopictus/30_us_Voice0139.wav,Ae,albopictus
./Abuzz/Ae. albopictus/30_us_Voice0140 albof.wav,Ae,albopictus
./Abuzz/Ae. albopictus/310_us_11-16-2016-125240 albopictus f.wav,Ae,albopictus
./Abuzz/Ae. albopictus/310_us_albof.wav,Ae,albopictus
./Abuzz/Ae. albopictus/320_us_albof.wav,Ae,albopictus
./Abuzz/Ae. albopictus/40_us_11-16-2016-125240 albopictus f.wav,Ae,albopictus
./Abuzz/Ae. albopictus/40_us_albof.wav,Ae,albopictus
./Abuzz/Ae. albopictus/40_us_Voice0136 albof.wav,Ae,albopictus
./Abuzz/Ae. albopictus/40_us_Voice0137.wav,Ae,albopictus
./Abuzz/Ae. albopictus/40_us_Voice0138.wav,Ae,albopictus
./Abuzz/Ae. albopictus/40_us_Voice0139.wav,Ae,albopictus
./Abuzz/Ae. albopictus/40_us_Voice0140 albof.wav,Ae,albopictus
./Abuzz/Ae. albopictus/50_us_11-16-2016-125240 albopictus f.wav,Ae,albopictus
./Abuzz/Ae. albopictus/50_us_albof.wav,Ae,albopictus
./Abuzz/Ae. albopictus/50_us_Voice0136 albof.wav,Ae,albopictus
./Abuzz/Ae. albopictus/50_us_Voice0137.wav,Ae,albopictus
./Abuzz/Ae. albopictus/50_us_Voice0138.wav,Ae,albopictus
./Abuzz/Ae. albopictus/50_us_Voice0139.wav,Ae,albopictus
./Abuzz/Ae. albopictus/50_us_Voice0140 albof.wav,Ae,albopictus
./Abuzz/Ae. albopictus/60_us_11-16-2016-125240 albopictus f.wav,Ae,albopictus
./Abuzz/Ae. albopictus/60_us_albof.wav,Ae,albopictus
./Abuzz/Ae. albopictus/70_us_11-16-2016-125240 albopictus f.wav,Ae,albopictus
./Abuzz/Ae. albopictus/70_us_albof.wav,Ae,albopictus
./Abuzz/Ae. albopictus/80_us_11-16-2016-125240 albopictus f.wav,Ae,albopictus
./Abuzz/Ae. albopictus/80_us_albof.wav,Ae,albopictus
./Abuzz/Ae. albopictus/90_us_11-16-2016-125240 albopictus f.wav,Ae,albopictus
./Abuzz/Ae. albopictus/90_us_albof.wav,Ae,albopictus
./Abuzz/An. arabiensis/0_is_11-17-2016-191652 dongola .wav,An,arabiensis
./Abuzz/An. arabiensis/0_is_11-18-2016-135704 rufisque f.wav,An,arabiensis
./Abuzz/An. arabiensis/0_is_dongola f.wav,An,arabiensis
./Abuzz/An. arabiensis/0_is_rufisque.wav,An,arabiensis
./Abuzz/An. arabiensis/0_is_Voice0156 dongolaf.wav,An,arabiensis
./Abuzz/An. arabiensis/0_is_Voice0157.wav,An,arabiensis
./Abuzz/An. arabiensis/0_is_Voice0159.wav,An,arabiensis
./Abuzz/An. arabiensis/0_is_Voice0160 dongolaf.wav,An,arabiensis
./Abuzz/An. arabiensis/0_is_Voice0172 rufisque.wav,An,arabiensis
./Abuzz/An. arabiensis/0_is_Voice0173.wav,An,arabiensis
./Abuzz/An. arabiensis/0_is_Voice0174.wav,An,arabiensis
./Abuzz/An. arabiensis/0_is_Voice0175.wav,An,arabiensis
./Abuzz/An. arabiensis/0_is_Voice0176 rufisque.wav,An,arabiensis
./Abuzz/An. arabiensis/100_is_11-17-2016-191652 dongola .wav,An,arabiensis
./Abuzz/An. arabiensis/100_is_11-18-2016-135704 rufisque f.wav,An,arabiensis
./Abuzz/An. arabiensis/100_is_dongola f.wav,An,arabiensis
./Abuzz/An. arabiensis/100_is_rufisque.wav,An,arabiensis
./Abuzz/An. arabiensis/10_is_11-17-2016-191652 dongola .wav,An,arabiensis
./Abuzz/An. arabiensis/10_is_11-18-2016-135704 rufisque f.wav,An,arabiensis
./Abuzz/An. arabiensis/10_is_dongola f.wav,An,arabiensis
./Abuzz/An. arabiensis/10_is_rufisque.wav,An,arabiensis
./Abuzz/An. arabiensis/10_is_Voice0156 dongolaf.wav,An,arabiensis
./Abuzz/An. arabiensis/10_is_Voice0157.wav,An,arabiensis
./Abuzz/An. arabiensis/10_is_Voice0159.wav,An,arabiensis
./Abuzz/An. arabiensis/10_is_Voice0160 dongolaf.wav,An,arabiensis
./Abuzz/An. arabiensis/10_is_Voice0172 rufisque.wav,An,arabiensis
./Abuzz/An. arabiensis/10_is_Voice0173.wav,An,arabiensis
./Abuzz/An. arabiensis/10_is_Voice0174.wav,An,arabiensis
./Abuzz/An. arabiensis/10_is_Voice0175.wav,An,arabiensis
./Abuzz/An. arabiensis/10_is_Voice0176 rufisque.wav,An,arabiensis
./Abuzz/An. arabiensis/110_is_11-17-2016-191652 dongola .wav,An,arabiensis
./Abuzz/An. arabiensis/110_is_11-18-2016-135704 rufisque f.wav,An,arabiensis
./Abuzz/An. arabiensis/110_is_dongola f.wav,An,arabiensis
./Abuzz/An. arabiensis/110_is_rufisque.wav,An,arabiensis
./Abuzz/An. arabiensis/120_is_11-17-2016-191652 dongola .wav,An,arabiensis
./Abuzz/An. arabiensis/120_is_11-18-2016-135704 rufisque f.wav,An,arabiensis
./Abuzz/An. arabiensis/120_is_dongola f.wav,An,arabiensis
./Abuzz/An. arabiensis/120_is_rufisque.wav,An,arabiensis
./Abuzz/An. arabiensis/130_is_11-17-2016-191652 dongola .wav,An,arabiensis
./Abuzz/An. arabiensis/130_is_11-18-2016-135704 rufisque f.wav,An,arabiensis
./Abuzz/An. arabiensis/130_is_dongola f.wav,An,arabiensis
./Abuzz/An. arabiensis/130_is_rufisque.wav,An,arabiensis
./Abuzz/An. arabiensis/140_is_11-17-2016-191652 dongola .wav,An,arabiensis
./Abuzz/An. arabiensis/140_is_11-18-2016-135704 rufisque f.wav,An,arabiensis
./Abuzz/An. arabiensis/140_is_dongola f.wav,An,arabiensis
./Abuzz/An. arabiensis/140_is_rufisque.wav,An,arabiensis
./Abuzz/An. arabiensis/150_is_11-17-2016-191652 dongola .wav,An,arabiensis
./Abuzz/An. arabiensis/150_is_11-18-2016-135704 rufisque f.wav,An,arabiensis
./Abuzz/An. arabiensis/150_is_dongola f.wav,An,arabiensis
./Abuzz/An. arabiensis/150_is_rufisque.wav,An,arabiensis
./Abuzz/An. arabiensis/160_is_11-17-2016-191652 dongola .wav,An,arabiensis
./Abuzz/An. arabiensis/160_is_11-18-2016-135704 rufisque f.wav,An,arabiensis
./Abuzz/An. arabiensis/160_is_dongola f.wav,An,arabiensis
./Abuzz/An. arabiensis/160_is_rufisque.wav,An,arabiensis
./Abuzz/An. arabiensis/170_is_11-17-2016-191652 dongola .wav,An,arabiensis
./Abuzz/An. arabiensis/170_is_11-18-2016-135704 rufisque f.wav,An,arabiensis
./Abuzz/An. arabiensis/170_is_dongola f.wav,An,arabiensis
./Abuzz/An. arabiensis/170_is_rufisque.wav,An,arabiensis
./Abuzz/An. arabiensis/180_is_11-17-2016-191652 dongola .wav,An,arabiensis
./Abuzz/An. arabiensis/180_is_11-18-2016-135704 rufisque f.wav,An,arabiensis
./Abuzz/An. arabiensis/180_is_dongola f.wav,An,arabiensis
./Abuzz/An. arabiensis/180_is_rufisque.wav,An,arabiensis
./Abuzz/An. arabiensis/190_is_11-17-2016-191652 dongola .wav,An,arabiensis
./Abuzz/An. arabiensis/190_is_11-18-2016-135704 rufisque f.wav,An,arabiensis
./Abuzz/An. arabiensis/190_is_dongola f.wav,An,arabiensis
./Abuzz/An. arabiensis/190_is_rufisque.wav,An,arabiensis
./Abuzz/An. arabiensis/200_is_11-17-2016-191652 dongola .wav,An,arabiensis
./Abuzz/An. arabiensis/200_is_11-18-2016-135704 rufisque f.wav,An,arabiensis
./Abuzz/An. arabiensis/200_is_dongola f.wav,An,arabiensis
./Abuzz/An. arabiensis/200_is_rufisque.wav,An,arabiensis
./Abuzz/An. arabiensis/20_is_11-17-2016-191652 dongola .wav,An,arabiensis
./Abuzz/An. arabiensis/20_is_11-18-2016-135704 rufisque f.wav,An,arabiensis
./Abuzz/An. arabiensis/20_is_dongola f.wav,An,arabiensis
./Abuzz/An. arabiensis/20_is_rufisque.wav,An,arabiensis
./Abuzz/An. arabiensis/20_is_Voice0156 dongolaf.wav,An,arabiensis
./Abuzz/An. arabiensis/20_is_Voice0157.wav,An,arabiensis
./Abuzz/An. arabiensis/20_is_Voice0159.wav,An,arabiensis
./Abuzz/An. arabiensis/20_is_Voice0160 dongolaf.wav,An,arabiensis
./Abuzz/An. arabiensis/20_is_Voice0172 rufisque.wav,An,arabiensis
./Abuzz/An. arabiensis/20_is_Voice0173.wav,An,arabiensis
./Abuzz/An. arabiensis/20_is_Voice0174.wav,An,arabiensis
./Abuzz/An. arabiensis/20_is_Voice0175.wav,An,arabiensis
./Abuzz/An. arabiensis/20_is_Voice0176 rufisque.wav,An,arabiensis
./Abuzz/An. arabiensis/210_is_11-17-2016-191652 dongola .wav,An,arabiensis
./Abuzz/An. arabiensis/210_is_11-18-2016-135704 rufisque f.wav,An,arabiensis
./Abuzz/An. arabiensis/210_is_dongola f.wav,An,arabiensis
./Abuzz/An. arabiensis/210_is_rufisque.wav,An,arabiensis
./Abuzz/An. arabiensis/220_is_11-17-2016-191652 dongola .wav,An,arabiensis
./Abuzz/An. arabiensis/220_is_11-18-2016-135704 rufisque f.wav,An,arabiensis
./Abuzz/An. arabiensis/220_is_dongola f.wav,An,arabiensis
./Abuzz/An. arabiensis/220_is_rufisque.wav,An,arabiensis
./Abuzz/An. arabiensis/230_is_11-17-2016-191652 dongola .wav,An,arabiensis
./Abuzz/An. arabiensis/230_is_11-18-2016-135704 rufisque f.wav,An,arabiensis
./Abuzz/An. arabiensis/230_is_dongola f.wav,An,arabiensis
./Abuzz/An. arabiensis/230_is_rufisque.wav,An,arabiensis
./Abuzz/An. arabiensis/240_is_11-17-2016-191652 dongola .wav,An,arabiensis
./Abuzz/An. arabiensis/240_is_11-18-2016-135704 rufisque f.wav,An,arabiensis
./Abuzz/An. arabiensis/240_is_dongola f.wav,An,arabiensis
./Abuzz/An. arabiensis/240_is_rufisque.wav,An,arabiensis
./Abuzz/An. arabiensis/250_is_11-17-2016-191652 dongola .wav,An,arabiensis
./Abuzz/An. arabiensis/250_is_11-18-2016-135704 rufisque f.wav,An,arabiensis
./Abuzz/An. arabiensis/250_is_dongola f.wav,An,arabiensis
./Abuzz/An. arabiensis/250_is_rufisque.wav,An,arabiensis
./Abuzz/An. arabiensis/260_is_11-17-2016-191652 dongola .wav,An,arabiensis
./Abuzz/An. arabiensis/260_is_11-18-2016-135704 rufisque f.wav,An,arabiensis
./Abuzz/An. arabiensis/260_is_dongola f.wav,An,arabiensis
./Abuzz/An. arabiensis/260_is_rufisque.wav,An,arabiensis
./Abuzz/An. arabiensis/270_is_11-17-2016-191652 dongola .wav,An,arabiensis
./Abuzz/An. arabiensis/270_is_11-18-2016-135704 rufisque f.wav,An,arabiensis
./Abuzz/An. arabiensis/270_is_dongola f.wav,An,arabiensis
./Abuzz/An. arabiensis/270_is_rufisque.wav,An,arabiensis
./Abuzz/An. arabiensis/280_is_11-17-2016-191652 dongola .wav,An,arabiensis
./Abuzz/An. arabiensis/280_is_11-18-2016-135704 rufisque f.wav,An,arabiensis
./Abuzz/An. arabiensis/280_is_dongola f.wav,An,arabiensis
./Abuzz/An. arabiensis/280_is_rufisque.wav,An,arabiensis
./Abuzz/An. arabiensis/290_is_11-17-2016-191652 dongola .wav,An,arabiensis
./Abuzz/An. arabiensis/290_is_11-18-2016-135704 rufisque f.wav,An,arabiensis
./Abuzz/An. arabiensis/290_is_dongola f.wav,An,arabiensis
./Abuzz/An. arabiensis/300_is_11-17-2016-191652 dongola .wav,An,arabiensis
./Abuzz/An. arabiensis/300_is_11-18-2016-135704 rufisque f.wav,An,arabiensis
./Abuzz/An. arabiensis/300_is_dongola f.wav,An,arabiensis
./Abuzz/An. arabiensis/30_is_11-17-2016-191652 dongola .wav,An,arabiensis
./Abuzz/An. arabiensis/30_is_11-18-2016-135704 rufisque f.wav,An,arabiensis
./Abuzz/An. arabiensis/30_is_dongola f.wav,An,arabiensis
./Abuzz/An. arabiensis/30_is_rufisque.wav,An,arabiensis
./Abuzz/An. arabiensis/30_is_Voice0156 dongolaf.wav,An,arabiensis
./Abuzz/An. arabiensis/30_is_Voice0157.wav,An,arabiensis
./Abuzz/An. arabiensis/30_is_Voice0159.wav,An,arabiensis
./Abuzz/An. arabiensis/30_is_Voice0160 dongolaf.wav,An,arabiensis
./Abuzz/An. arabiensis/30_is_Voice0172 rufisque.wav,An,arabiensis
./Abuzz/An. arabiensis/30_is_Voice0173.wav,An,arabiensis
./Abuzz/An. arabiensis/30_is_Voice0174.wav,An,arabiensis
./Abuzz/An. arabiensis/30_is_Voice0175.wav,An,arabiensis
./Abuzz/An. arabiensis/30_is_Voice0176 rufisque.wav,An,arabiensis
./Abuzz/An. arabiensis/310_is_11-17-2016-191652 dongola .wav,An,arabiensis
./Abuzz/An. arabiensis/310_is_11-18-2016-135704 rufisque f.wav,An,arabiensis
./Abuzz/An. arabiensis/310_is_dongola f.wav,An,arabiensis
./Abuzz/An. arabiensis/320_is_11-17-2016-191652 dongola .wav,An,arabiensis
./Abuzz/An. arabiensis/320_is_11-18-2016-135704 rufisque f.wav,An,arabiensis
./Abuzz/An. arabiensis/320_is_dongola f.wav,An,arabiensis
./Abuzz/An. arabiensis/330_is_11-17-2016-191652 dongola .wav,An,arabiensis
./Abuzz/An. arabiensis/330_is_11-18-2016-135704 rufisque f.wav,An,arabiensis
./Abuzz/An. arabiensis/330_is_dongola f.wav,An,arabiensis
./Abuzz/An. arabiensis/340_is_11-17-2016-191652 dongola .wav,An,arabiensis
./Abuzz/An. arabiensis/340_is_11-18-2016-135704 rufisque f.wav,An,arabiensis
./Abuzz/An. arabiensis/340_is_dongola f.wav,An,arabiensis
./Abuzz/An. arabiensis/350_is_11-17-2016-191652 dongola .wav,An,arabiensis
./Abuzz/An. arabiensis/350_is_dongola f.wav,An,arabiensis
./Abuzz/An. arabiensis/360_is_11-17-2016-191652 dongola .wav,An,arabiensis
./Abuzz/An. arabiensis/360_is_dongola f.wav,An,arabiensis
./Abuzz/An. arabiensis/370_is_11-17-2016-191652 dongola .wav,An,arabiensis
./Abuzz/An. arabiensis/370_is_dongola f.wav,An,arabiensis
./Abuzz/An. arabiensis/380_is_11-17-2016-191652 dongola .wav,An,arabiensis
./Abuzz/An. arabiensis/380_is_dongola f.wav,An,arabiensis
./Abuzz/An. arabiensis/390_is_dongola f.wav,An,arabiensis
./Abuzz/An. arabiensis/40_is_11-17-2016-191652 dongola .wav,An,arabiensis
./Abuzz/An. arabiensis/40_is_11-18-2016-135704 rufisque f.wav,An,arabiensis
./Abuzz/An. arabiensis/40_is_dongola f.wav,An,arabiensis
./Abuzz/An. arabiensis/40_is_rufisque.wav,An,arabiensis
./Abuzz/An. arabiensis/40_is_Voice0156 dongolaf.wav,An,arabiensis
./Abuzz/An. arabiensis/40_is_Voice0157.wav,An,arabiensis
./Abuzz/An. arabiensis/40_is_Voice0159.wav,An,arabiensis
./Abuzz/An. arabiensis/40_is_Voice0160 dongolaf.wav,An,arabiensis
./Abuzz/An. arabiensis/40_is_Voice0172 rufisque.wav,An,arabiensis
./Abuzz/An. arabiensis/40_is_Voice0173.wav,An,arabiensis
./Abuzz/An. arabiensis/40_is_Voice0174.wav,An,arabiensis
./Abuzz/An. arabiensis/40_is_Voice0175.wav,An,arabiensis
./Abuzz/An. arabiensis/40_is_Voice0176 rufisque.wav,An,arabiensis
./Abuzz/An. arabiensis/50_is_11-17-2016-191652 dongola .wav,An,arabiensis
./Abuzz/An. arabiensis/50_is_11-18-2016-135704 rufisque f.wav,An,arabiensis
./Abuzz/An. arabiensis/50_is_dongola f.wav,An,arabiensis
./Abuzz/An. arabiensis/50_is_rufisque.wav,An,arabiensis
./Abuzz/An. arabiensis/50_is_Voice0156 dongolaf.wav,An,arabiensis
./Abuzz/An. arabiensis/50_is_Voice0157.wav,An,arabiensis
./Abuzz/An. arabiensis/50_is_Voice0159.wav,An,arabiensis
./Abuzz/An. arabiensis/50_is_Voice0160 dongolaf.wav,An,arabiensis
./Abuzz/An. arabiensis/50_is_Voice0172 rufisque.wav,An,arabiensis
./Abuzz/An. arabiensis/50_is_Voice0173.wav,An,arabiensis
./Abuzz/An. arabiensis/50_is_Voice0174.wav,An,arabiensis
./Abuzz/An. arabiensis/50_is_Voice0175.wav,An,arabiensis
./Abuzz/An. arabiensis/50_is_Voice0176 rufisque.wav,An,arabiensis
./Abuzz/An. arabiensis/60_is_11-17-2016-191652 dongola .wav,An,arabiensis
./Abuzz/An. arabiensis/60_is_11-18-2016-135704 rufisque f.wav,An,arabiensis
./Abuzz/An. arabiensis/60_is_dongola f.wav,An,arabiensis
./Abuzz/An. arabiensis/60_is_rufisque.wav,An,arabiensis
./Abuzz/An. arabiensis/70_is_11-17-2016-191652 dongola .wav,An,arabiensis
./Abuzz/An. arabiensis/70_is_11-18-2016-135704 rufisque f.wav,An,arabiensis
./Abuzz/An. arabiensis/70_is_dongola f.wav,An,arabiensis
./Abuzz/An. arabiensis/70_is_rufisque.wav,An,arabiensis
./Abuzz/An. arabiensis/80_is_11-17-2016-191652 dongola .wav,An,arabiensis
./Abuzz/An. arabiensis/80_is_11-18-2016-135704 rufisque f.wav,An,arabiensis
./Abuzz/An. arabiensis/80_is_dongola f.wav,An,arabiensis
./Abuzz/An. arabiensis/80_is_rufisque.wav,An,arabiensis
./Abuzz/An. arabiensis/90_is_11-17-2016-191652 dongola .wav,An,arabiensis
./Abuzz/An. arabiensis/90_is_11-18-2016-135704 rufisque f.wav,An,arabiensis
./Abuzz/An. arabiensis/90_is_dongola f.wav,An,arabiensis
./Abuzz/An. arabiensis/90_is_rufisque.wav,An,arabiensis
./Abuzz/An. gambiae/0_ae_03-02-2016-113334 ag1mt.wav,An,gambiae
./Abuzz/An. gambiae/0_ae_03-02-2016-113427 ag1mt.wav,An,gambiae
./Abuzz/An. gambiae/0_ae_03-02-2016-113635 ag1mt .wav,An,gambiae
./Abuzz/An. gambiae/0_ae_03-02-2016-113928 ag1ft.wav,An,gambiae
./Abuzz/An. gambiae/0_ae_03-02-2016-114051 ag1ft .wav,An,gambiae
./Abuzz/An. gambiae/0_ae_03-02-2016-115917 ag1ft .wav,An,gambiae
./Abuzz/An. gambiae/0_ae_03-02-2016-124107 agmix bugdorm .wav,An,gambiae
./Abuzz/An. gambiae/0_ae_03-02-2016-124432 agmix bugdorm swarm .wav,An,gambiae
./Abuzz/An. gambiae/0_ae_11-16-2016-150308 gambiae f.wav,An,gambiae
./Abuzz/An. gambiae/0_ae_11-17-2016-150332 akron .wav,An,gambiae
./Abuzz/An. gambiae/0_ae_11-18-2016-145016 rsp f.wav,An,gambiae
./Abuzz/An. gambiae/0_ae_20160302 114652AgamF.wav,An,gambiae
./Abuzz/An. gambiae/0_ae_20160302 115033AgamF.wav,An,gambiae
./Abuzz/An. gambiae/0_ae_20160302_114652AgamF.wav,An,gambiae
./Abuzz/An. gambiae/0_ae_Ag-Mix-Cage-1.wav,An,gambiae
./Abuzz/An. gambiae/0_ae_ag1ft rec1.wav,An,gambiae
./Abuzz/An. gambiae/0_ae_ag3.wav,An,gambiae
./Abuzz/An. gambiae/0_ae_ag5.wav,An,gambiae
./Abuzz/An. gambiae/0_ae_akronf.wav,An,gambiae
./Abuzz/An. gambiae/0_ae_Audio000.wav,An,gambiae
./Abuzz/An. gambiae/0_ae_Audio001.wav,An,gambiae
./Abuzz/An. gambiae/0_ae_Audio002.wav,An,gambiae
./Abuzz/An. gambiae/0_ae_gambiaef.wav,An,gambiae
./Abuzz/An. gambiae/0_ae_Recording19800215_006_F.wav,An,gambiae
./Abuzz/An. gambiae/0_ae_Recording19800215_007_F.wav,An,gambiae
./Abuzz/An. gambiae/0_ae_Recording19800215_009_F.wav,An,gambiae
./Abuzz/An. gambiae/0_ae_Recording19800215_010_MF.wav,An,gambiae
./Abuzz/An. gambiae/0_ae_Recording19800215_011_F.wav,An,gambiae
./Abuzz/An. gambiae/0_ae_Recording19800215_013_F.wav,An,gambiae
./Abuzz/An. gambiae/0_ae_Recording19800215_014_F.wav,An,gambiae
./Abuzz/An. gambiae/0_ae_Recording19800215_015_F.wav,An,gambiae
./Abuzz/An. gambiae/0_ae_Recording19800215_016_M.wav,An,gambiae
./Abuzz/An. gambiae/0_ae_Recording19800215_017_M.wav,An,gambiae
./Abuzz/An. gambiae/0_ae_Recording19800215_019_MF.wav,An,gambiae
./Abuzz/An. gambiae/0_ae_Recording19800215_020_F.wav,An,gambiae
./Abuzz/An. gambiae/0_ae_Rec_1980-02-15_13.02.54 ag1ft.wav,An,gambiae
./Abuzz/An. gambiae/0_ae_Rec_1980-02-15_13.05.09 ag1ft.wav,An,gambiae
./Abuzz/An. gambiae/0_ae_rsp.wav,An,gambiae
./Abuzz/An. gambiae/0_ae_Sound clip 146 ag1ft.wav,An,gambiae
./Abuzz/An. gambiae/0_ae_Sound clip 147 ag1ft.wav,An,gambiae
./Abuzz/An. gambiae/0_ae_Sound clip 148 agmix.wav,An,gambiae
./Abuzz/An. gambiae/0_ae_Sound clip 149 agmix.wav,An,gambiae
./Abuzz/An. gambiae/0_ae_Sound clip 150 agmix.wav,An,gambiae
./Abuzz/An. gambiae/0_ae_Voice0008.wav,An,gambiae
./Abuzz/An. gambiae/0_ae_Voice0009.wav,An,gambiae
./Abuzz/An. gambiae/0_ae_Voice0010.wav,An,gambiae
./Abuzz/An. gambiae/0_ae_Voice0011.wav,An,gambiae
./Abuzz/An. gambiae/0_ae_Voice0012.wav,An,gambiae
./Abuzz/An. gambiae/0_ae_Voice0141 agam.wav,An,gambiae
./Abuzz/An. gambiae/0_ae_Voice0142.wav,An,gambiae
./Abuzz/An. gambiae/0_ae_Voice0143.wav,An,gambiae
./Abuzz/An. gambiae/0_ae_Voice0144.wav,An,gambiae
./Abuzz/An. gambiae/0_ae_Voice0145 agam.wav,An,gambiae
./Abuzz/An. gambiae/0_ae_Voice0146 akron.wav,An,gambiae
./Abuzz/An. gambiae/0_ae_Voice0147.wav,An,gambiae
./Abuzz/An. gambiae/0_ae_Voice0148.wav,An,gambiae
./Abuzz/An. gambiae/0_ae_Voice0149.wav,An,gambiae
./Abuzz/An. gambiae/0_ae_Voice0150 akron.wav,An,gambiae
./Abuzz/An. gambiae/100_ae_11-16-2016-150308 gambiae f.wav,An,gambiae
./Abuzz/An. gambiae/100_ae_11-17-2016-150332 akron .wav,An,gambiae
./Abuzz/An. gambiae/100_ae_11-18-2016-145016 rsp f.wav,An,gambiae
./Abuzz/An. gambiae/100_ae_akronf.wav,An,gambiae
./Abuzz/An. gambiae/100_ae_gambiaef.wav,An,gambiae
./Abuzz/An. gambiae/100_ae_rsp.wav,An,gambiae
./Abuzz/An. gambiae/10_ae_03-02-2016-113334 ag1mt.wav,An,gambiae
./Abuzz/An. gambiae/10_ae_03-02-2016-113427 ag1mt.wav,An,gambiae
./Abuzz/An. gambiae/10_ae_03-02-2016-113635 ag1mt .wav,An,gambiae
./Abuzz/An. gambiae/10_ae_03-02-2016-114051 ag1ft .wav,An,gambiae
./Abuzz/An. gambiae/10_ae_03-02-2016-115917 ag1ft .wav,An,gambiae
./Abuzz/An. gambiae/10_ae_03-02-2016-124107 agmix bugdorm .wav,An,gambiae
./Abuzz/An. gambiae/10_ae_03-02-2016-124432 agmix bugdorm swarm .wav,An,gambiae
./Abuzz/An. gambiae/10_ae_11-16-2016-150308 gambiae f.wav,An,gambiae
./Abuzz/An. gambiae/10_ae_11-17-2016-150332 akron .wav,An,gambiae
./Abuzz/An. gambiae/10_ae_11-18-2016-145016 rsp f.wav,An,gambiae
./Abuzz/An. gambiae/10_ae_Ag-Mix-Cage-1.wav,An,gambiae
./Abuzz/An. gambiae/10_ae_ag1ft rec1.wav,An,gambiae
./Abuzz/An. gambiae/10_ae_ag5.wav,An,gambiae
./Abuzz/An. gambiae/10_ae_akronf.wav,An,gambiae
./Abuzz/An. gambiae/10_ae_Audio001.wav,An,gambiae
./Abuzz/An. gambiae/10_ae_Audio002.wav,An,gambiae
./Abuzz/An. gambiae/10_ae_gambiaef.wav,An,gambiae
./Abuzz/An. gambiae/10_ae_Recording19800215_013_F.wav,An,gambiae
./Abuzz/An. gambiae/10_ae_Recording19800215_014_F.wav,An,gambiae
./Abuzz/An. gambiae/10_ae_Recording19800215_019_MF.wav,An,gambiae
./Abuzz/An. gambiae/10_ae_Recording19800215_020_F.wav,An,gambiae
./Abuzz/An. gambiae/10_ae_Rec_1980-02-15_13.02.54 ag1ft.wav,An,gambiae
./Abuzz/An. gambiae/10_ae_Rec_1980-02-15_13.05.09 ag1ft.wav,An,gambiae
./Abuzz/An. gambiae/10_ae_rsp.wav,An,gambiae
./Abuzz/An. gambiae/10_ae_Sound clip 146 ag1ft.wav,An,gambiae
./Abuzz/An. gambiae/10_ae_Sound clip 147 ag1ft.wav,An,gambiae
./Abuzz/An. gambiae/10_ae_Sound clip 148 agmix.wav,An,gambiae
./Abuzz/An. gambiae/10_ae_Sound clip 149 agmix.wav,An,gambiae
./Abuzz/An. gambiae/10_ae_Sound clip 150 agmix.wav,An,gambiae
./Abuzz/An. gambiae/10_ae_Voice0009.wav,An,gambiae
./Abuzz/An. gambiae/10_ae_Voice0010.wav,An,gambiae
./Abuzz/An. gambiae/10_ae_Voice0011.wav,An,gambiae
./Abuzz/An. gambiae/10_ae_Voice0012.wav,An,gambiae
./Abuzz/An. gambiae/10_ae_Voice0141 agam.wav,An,gambiae
./Abuzz/An. gambiae/10_ae_Voice0142.wav,An,gambiae
./Abuzz/An. gambiae/10_ae_Voice0143.wav,An,gambiae
./Abuzz/An. gambiae/10_ae_Voice0144.wav,An,gambiae
./Abuzz/An. gambiae/10_ae_Voice0145 agam.wav,An,gambiae
./Abuzz/An. gambiae/10_ae_Voice0146 akron.wav,An,gambiae
./Abuzz/An. gambiae/10_ae_Voice0147.wav,An,gambiae
./Abuzz/An. gambiae/10_ae_Voice0148.wav,An,gambiae
./Abuzz/An. gambiae/10_ae_Voice0149.wav,An,gambiae
./Abuzz/An. gambiae/10_ae_Voice0150 akron.wav,An,gambiae
./Abuzz/An. gambiae/110_ae_11-16-2016-150308 gambiae f.wav,An,gambiae
./Abuzz/An. gambiae/110_ae_11-17-2016-150332 akron .wav,An,gambiae
./Abuzz/An. gambiae/110_ae_11-18-2016-145016 rsp f.wav,An,gambiae
./Abuzz/An. gambiae/110_ae_akronf.wav,An,gambiae
./Abuzz/An. gambiae/110_ae_gambiaef.wav,An,gambiae
./Abuzz/An. gambiae/110_ae_rsp.wav,An,gambiae
./Abuzz/An. gambiae/120_ae_11-16-2016-150308 gambiae f.wav,An,gambiae
./Abuzz/An. gambiae/120_ae_11-17-2016-150332 akron .wav,An,gambiae
./Abuzz/An. gambiae/120_ae_11-18-2016-145016 rsp f.wav,An,gambiae
./Abuzz/An. gambiae/120_ae_akronf.wav,An,gambiae
./Abuzz/An. gambiae/120_ae_gambiaef.wav,An,gambiae
./Abuzz/An. gambiae/120_ae_rsp.wav,An,gambiae
./Abuzz/An. gambiae/130_ae_11-16-2016-150308 gambiae f.wav,An,gambiae
./Abuzz/An. gambiae/130_ae_11-17-2016-150332 akron .wav,An,gambiae
./Abuzz/An. gambiae/130_ae_11-18-2016-145016 rsp f.wav,An,gambiae
./Abuzz/An. gambiae/130_ae_akronf.wav,An,gambiae
./Abuzz/An. gambiae/130_ae_gambiaef.wav,An,gambiae
./Abuzz/An. gambiae/130_ae_rsp.wav,An,gambiae
./Abuzz/An. gambiae/140_ae_11-16-2016-150308 gambiae f.wav,An,gambiae
./Abuzz/An. gambiae/140_ae_11-17-2016-150332 akron .wav,An,gambiae
./Abuzz/An. gambiae/140_ae_11-18-2016-145016 rsp f.wav,An,gambiae
./Abuzz/An. gambiae/140_ae_akronf.wav,An,gambiae
./Abuzz/An. gambiae/140_ae_gambiaef.wav,An,gambiae
./Abuzz/An. gambiae/140_ae_rsp.wav,An,gambiae
./Abuzz/An. gambiae/150_ae_11-16-2016-150308 gambiae f.wav,An,gambiae
./Abuzz/An. gambiae/150_ae_11-17-2016-150332 akron .wav,An,gambiae
./Abuzz/An. gambiae/150_ae_11-18-2016-145016 rsp f.wav,An,gambiae
./Abuzz/An. gambiae/150_ae_akronf.wav,An,gambiae
./Abuzz/An. gambiae/150_ae_gambiaef.wav,An,gambiae
./Abuzz/An. gambiae/150_ae_rsp.wav,An,gambiae
./Abuzz/An. gambiae/160_ae_11-16-2016-150308 gambiae f.wav,An,gambiae
./Abuzz/An. gambiae/160_ae_11-17-2016-150332 akron .wav,An,gambiae
./Abuzz/An. gambiae/160_ae_11-18-2016-145016 rsp f.wav,An,gambiae
./Abuzz/An. gambiae/160_ae_akronf.wav,An,gambiae
./Abuzz/An. gambiae/160_ae_gambiaef.wav,An,gambiae
./Abuzz/An. gambiae/160_ae_rsp.wav,An,gambiae
./Abuzz/An. gambiae/170_ae_11-16-2016-150308 gambiae f.wav,An,gambiae
./Abuzz/An. gambiae/170_ae_11-17-2016-150332 akron .wav,An,gambiae
./Abuzz/An. gambiae/170_ae_11-18-2016-145016 rsp f.wav,An,gambiae
./Abuzz/An. gambiae/170_ae_akronf.wav,An,gambiae
./Abuzz/An. gambiae/170_ae_gambiaef.wav,An,gambiae
./Abuzz/An. gambiae/170_ae_rsp.wav,An,gambiae
./Abuzz/An. gambiae/180_ae_11-16-2016-150308 gambiae f.wav,An,gambiae
./Abuzz/An. gambiae/180_ae_11-17-2016-150332 akron .wav,An,gambiae
./Abuzz/An. gambiae/180_ae_11-18-2016-145016 rsp f.wav,An,gambiae
./Abuzz/An. gambiae/180_ae_akronf.wav,An,gambiae
./Abuzz/An. gambiae/180_ae_gambiaef.wav,An,gambiae
./Abuzz/An. gambiae/180_ae_rsp.wav,An,gambiae
./Abuzz/An. gambiae/190_ae_11-16-2016-150308 gambiae f.wav,An,gambiae
./Abuzz/An. gambiae/190_ae_11-17-2016-150332 akron .wav,An,gambiae
./Abuzz/An. gambiae/190_ae_11-18-2016-145016 rsp f.wav,An,gambiae
./Abuzz/An. gambiae/190_ae_akronf.wav,An,gambiae
./Abuzz/An. gambiae/190_ae_gambiaef.wav,An,gambiae
./Abuzz/An. gambiae/190_ae_rsp.wav,An,gambiae
./Abuzz/An. gambiae/200_ae_11-16-2016-150308 gambiae f.wav,An,gambiae
./Abuzz/An. gambiae/200_ae_11-17-2016-150332 akron .wav,An,gambiae
./Abuzz/An. gambiae/200_ae_11-18-2016-145016 rsp f.wav,An,gambiae
./Abuzz/An. gambiae/200_ae_akronf.wav,An,gambiae
./Abuzz/An. gambiae/200_ae_gambiaef.wav,An,gambiae
./Abuzz/An. gambiae/200_ae_rsp.wav,An,gambiae
./Abuzz/An. gambiae/20_ae_03-02-2016-124107 agmix bugdorm .wav,An,gambiae
./Abuzz/An. gambiae/20_ae_03-02-2016-124432 agmix bugdorm swarm .wav,An,gambiae
./Abuzz/An. gambiae/20_ae_11-16-2016-150308 gambiae f.wav,An,gambiae
./Abuzz/An. gambiae/20_ae_11-17-2016-150332 akron .wav,An,gambiae
./Abuzz/An. gambiae/20_ae_11-18-2016-145016 rsp f.wav,An,gambiae
./Abuzz/An. gambiae/20_ae_Ag-Mix-Cage-1.wav,An,gambiae
./Abuzz/An. gambiae/20_ae_akronf.wav,An,gambiae
./Abuzz/An. gambiae/20_ae_Audio002.wav,An,gambiae
./Abuzz/An. gambiae/20_ae_gambiaef.wav,An,gambiae
./Abuzz/An. gambiae/20_ae_Recording19800215_020_F.wav,An,gambiae
./Abuzz/An. gambiae/20_ae_Rec_1980-02-15_13.02.54 ag1ft.wav,An,gambiae
./Abuzz/An. gambiae/20_ae_rsp.wav,An,gambiae
./Abuzz/An. gambiae/20_ae_Sound clip 147 ag1ft.wav,An,gambiae
./Abuzz/An. gambiae/20_ae_Sound clip 148 agmix.wav,An,gambiae
./Abuzz/An. gambiae/20_ae_Sound clip 149 agmix.wav,An,gambiae
./Abuzz/An. gambiae/20_ae_Sound clip 150 agmix.wav,An,gambiae
./Abuzz/An. gambiae/20_ae_Voice0011.wav,An,gambiae
./Abuzz/An. gambiae/20_ae_Voice0012.wav,An,gambiae
./Abuzz/An. gambiae/20_ae_Voice0141 agam.wav,An,gambiae
./Abuzz/An. gambiae/20_ae_Voice0142.wav,An,gambiae
./Abuzz/An. gambiae/20_ae_Voice0143.wav,An,gambiae
./Abuzz/An. gambiae/20_ae_Voice0144.wav,An,gambiae
./Abuzz/An. gambiae/20_ae_Voice0145 agam.wav,An,gambiae
./Abuzz/An. gambiae/20_ae_Voice0146 akron.wav,An,gambiae
./Abuzz/An. gambiae/20_ae_Voice0147.wav,An,gambiae
./Abuzz/An. gambiae/20_ae_Voice0148.wav,An,gambiae
./Abuzz/An. gambiae/20_ae_Voice0149.wav,An,gambiae
./Abuzz/An. gambiae/20_ae_Voice0150 akron.wav,An,gambiae
./Abuzz/An. gambiae/210_ae_11-16-2016-150308 gambiae f.wav,An,gambiae
./Abuzz/An. gambiae/210_ae_11-17-2016-150332 akron .wav,An,gambiae
./Abuzz/An. gambiae/210_ae_11-18-2016-145016 rsp f.wav,An,gambiae
./Abuzz/An. gambiae/210_ae_akronf.wav,An,gambiae
./Abuzz/An. gambiae/210_ae_rsp.wav,An,gambiae
./Abuzz/An. gambiae/220_ae_11-16-2016-150308 gambiae f.wav,An,gambiae
./Abuzz/An. gambiae/220_ae_11-17-2016-150332 akron .wav,An,gambiae
./Abuzz/An. gambiae/220_ae_11-18-2016-145016 rsp f.wav,An,gambiae
./Abuzz/An. gambiae/220_ae_akronf.wav,An,gambiae
./Abuzz/An. gambiae/220_ae_rsp.wav,An,gambiae
./Abuzz/An. gambiae/230_ae_11-16-2016-150308 gambiae f.wav,An,gambiae
./Abuzz/An. gambiae/230_ae_11-17-2016-150332 akron .wav,An,gambiae
./Abuzz/An. gambiae/230_ae_11-18-2016-145016 rsp f.wav,An,gambiae
./Abuzz/An. gambiae/230_ae_akronf.wav,An,gambiae
./Abuzz/An. gambiae/230_ae_rsp.wav,An,gambiae
./Abuzz/An. gambiae/240_ae_11-16-2016-150308 gambiae f.wav,An,gambiae
./Abuzz/An. gambiae/240_ae_11-17-2016-150332 akron .wav,An,gambiae
./Abuzz/An. gambiae/240_ae_11-18-2016-145016 rsp f.wav,An,gambiae
./Abuzz/An. gambiae/240_ae_akronf.wav,An,gambiae
./Abuzz/An. gambiae/240_ae_rsp.wav,An,gambiae
./Abuzz/An. gambiae/250_ae_11-16-2016-150308 gambiae f.wav,An,gambiae
./Abuzz/An. gambiae/250_ae_11-17-2016-150332 akron .wav,An,gambiae
./Abuzz/An. gambiae/250_ae_11-18-2016-145016 rsp f.wav,An,gambiae
./Abuzz/An. gambiae/250_ae_akronf.wav,An,gambiae
./Abuzz/An. gambiae/260_ae_11-16-2016-150308 gambiae f.wav,An,gambiae
./Abuzz/An. gambiae/260_ae_11-17-2016-150332 akron .wav,An,gambiae
./Abuzz/An. gambiae/260_ae_11-18-2016-145016 rsp f.wav,An,gambiae
./Abuzz/An. gambiae/260_ae_akronf.wav,An,gambiae
./Abuzz/An. gambiae/270_ae_11-16-2016-150308 gambiae f.wav,An,gambiae
./Abuzz/An. gambiae/270_ae_11-17-2016-150332 akron .wav,An,gambiae
./Abuzz/An. gambiae/270_ae_11-18-2016-145016 rsp f.wav,An,gambiae
./Abuzz/An. gambiae/270_ae_akronf.wav,An,gambiae
./Abuzz/An. gambiae/280_ae_11-16-2016-150308 gambiae f.wav,An,gambiae
./Abuzz/An. gambiae/280_ae_11-17-2016-150332 akron .wav,An,gambiae
./Abuzz/An. gambiae/280_ae_11-18-2016-145016 rsp f.wav,An,gambiae
./Abuzz/An. gambiae/280_ae_akronf.wav,An,gambiae
./Abuzz/An. gambiae/290_ae_11-16-2016-150308 gambiae f.wav,An,gambiae
./Abuzz/An. gambiae/290_ae_11-17-2016-150332 akron .wav,An,gambiae
./Abuzz/An. gambiae/290_ae_11-18-2016-145016 rsp f.wav,An,gambiae
./Abuzz/An. gambiae/290_ae_akronf.wav,An,gambiae
./Abuzz/An. gambiae/300_ae_11-16-2016-150308 gambiae f.wav,An,gambiae
./Abuzz/An. gambiae/300_ae_11-17-2016-150332 akron .wav,An,gambiae
./Abuzz/An. gambiae/300_ae_11-18-2016-145016 rsp f.wav,An,gambiae
./Abuzz/An. gambiae/300_ae_akronf.wav,An,gambiae
./Abuzz/An. gambiae/30_ae_11-16-2016-150308 gambiae f.wav,An,gambiae
./Abuzz/An. gambiae/30_ae_11-17-2016-150332 akron .wav,An,gambiae
./Abuzz/An. gambiae/30_ae_11-18-2016-145016 rsp f.wav,An,gambiae
./Abuzz/An. gambiae/30_ae_akronf.wav,An,gambiae
./Abuzz/An. gambiae/30_ae_Audio002.wav,An,gambiae
./Abuzz/An. gambiae/30_ae_gambiaef.wav,An,gambiae
./Abuzz/An. gambiae/30_ae_rsp.wav,An,gambiae
./Abuzz/An. gambiae/30_ae_Sound clip 149 agmix.wav,An,gambiae
./Abuzz/An. gambiae/30_ae_Sound clip 150 agmix.wav,An,gambiae
./Abuzz/An. gambiae/30_ae_Voice0012.wav,An,gambiae
./Abuzz/An. gambiae/30_ae_Voice0141 agam.wav,An,gambiae
./Abuzz/An. gambiae/30_ae_Voice0142.wav,An,gambiae
./Abuzz/An. gambiae/30_ae_Voice0143.wav,An,gambiae
./Abuzz/An. gambiae/30_ae_Voice0144.wav,An,gambiae
./Abuzz/An. gambiae/30_ae_Voice0145 agam.wav,An,gambiae
./Abuzz/An. gambiae/30_ae_Voice0146 akron.wav,An,gambiae
./Abuzz/An. gambiae/30_ae_Voice0147.wav,An,gambiae
./Abuzz/An. gambiae/30_ae_Voice0148.wav,An,gambiae
./Abuzz/An. gambiae/30_ae_Voice0149.wav,An,gambiae
./Abuzz/An. gambiae/30_ae_Voice0150 akron.wav,An,gambiae
./Abuzz/An. gambiae/310_ae_11-17-2016-150332 akron .wav,An,gambiae
./Abuzz/An. gambiae/320_ae_11-17-2016-150332 akron .wav,An,gambiae
./Abuzz/An. gambiae/330_ae_11-17-2016-150332 akron .wav,An,gambiae
./Abuzz/An. gambiae/340_ae_11-17-2016-150332 akron .wav,An,gambiae
./Abuzz/An. gambiae/40_ae_11-16-2016-150308 gambiae f.wav,An,gambiae
./Abuzz/An. gambiae/40_ae_11-17-2016-150332 akron .wav,An,gambiae
./Abuzz/An. gambiae/40_ae_11-18-2016-145016 rsp f.wav,An,gambiae
./Abuzz/An. gambiae/40_ae_akronf.wav,An,gambiae
./Abuzz/An. gambiae/40_ae_gambiaef.wav,An,gambiae
./Abuzz/An. gambiae/40_ae_rsp.wav,An,gambiae
./Abuzz/An. gambiae/40_ae_Sound clip 149 agmix.wav,An,gambiae
./Abuzz/An. gambiae/40_ae_Sound clip 150 agmix.wav,An,gambiae
./Abuzz/An. gambiae/40_ae_Voice0012.wav,An,gambiae
./Abuzz/An. gambiae/40_ae_Voice0141 agam.wav,An,gambiae
./Abuzz/An. gambiae/40_ae_Voice0142.wav,An,gambiae
./Abuzz/An. gambiae/40_ae_Voice0143.wav,An,gambiae
./Abuzz/An. gambiae/40_ae_Voice0144.wav,An,gambiae
./Abuzz/An. gambiae/40_ae_Voice0145 agam.wav,An,gambiae
./Abuzz/An. gambiae/40_ae_Voice0146 akron.wav,An,gambiae
./Abuzz/An. gambiae/40_ae_Voice0147.wav,An,gambiae
./Abuzz/An. gambiae/40_ae_Voice0148.wav,An,gambiae
./Abuzz/An. gambiae/40_ae_Voice0149.wav,An,gambiae
./Abuzz/An. gambiae/40_ae_Voice0150 akron.wav,An,gambiae
./Abuzz/An. gambiae/50_ae_11-16-2016-150308 gambiae f.wav,An,gambiae
./Abuzz/An. gambiae/50_ae_11-17-2016-150332 akron .wav,An,gambiae
./Abuzz/An. gambiae/50_ae_11-18-2016-145016 rsp f.wav,An,gambiae
./Abuzz/An. gambiae/50_ae_akronf.wav,An,gambiae
./Abuzz/An. gambiae/50_ae_gambiaef.wav,An,gambiae
./Abuzz/An. gambiae/50_ae_rsp.wav,An,gambiae
./Abuzz/An. gambiae/50_ae_Sound clip 149 agmix.wav,An,gambiae
./Abuzz/An. gambiae/50_ae_Voice0012.wav,An,gambiae
./Abuzz/An. gambiae/50_ae_Voice0141 agam.wav,An,gambiae
./Abuzz/An. gambiae/50_ae_Voice0142.wav,An,gambiae
./Abuzz/An. gambiae/50_ae_Voice0143.wav,An,gambiae
./Abuzz/An. gambiae/50_ae_Voice0144.wav,An,gambiae
./Abuzz/An. gambiae/50_ae_Voice0145 agam.wav,An,gambiae
./Abuzz/An. gambiae/50_ae_Voice0146 akron.wav,An,gambiae
./Abuzz/An. gambiae/50_ae_Voice0147.wav,An,gambiae
./Abuzz/An. gambiae/50_ae_Voice0148.wav,An,gambiae
./Abuzz/An. gambiae/50_ae_Voice0149.wav,An,gambiae
./Abuzz/An. gambiae/50_ae_Voice0150 akron.wav,An,gambiae
./Abuzz/An. gambiae/60_ae_11-16-2016-150308 gambiae f.wav,An,gambiae
./Abuzz/An. gambiae/60_ae_11-17-2016-150332 akron .wav,An,gambiae
./Abuzz/An. gambiae/60_ae_11-18-2016-145016 rsp f.wav,An,gambiae
./Abuzz/An. gambiae/60_ae_akronf.wav,An,gambiae
./Abuzz/An. gambiae/60_ae_gambiaef.wav,An,gambiae
./Abuzz/An. gambiae/60_ae_rsp.wav,An,gambiae
./Abuzz/An. gambiae/70_ae_11-16-2016-150308 gambiae f.wav,An,gambiae
./Abuzz/An. gambiae/70_ae_11-17-2016-150332 akron .wav,An,gambiae
./Abuzz/An. gambiae/70_ae_11-18-2016-145016 rsp f.wav,An,gambiae
./Abuzz/An. gambiae/70_ae_akronf.wav,An,gambiae
./Abuzz/An. gambiae/70_ae_gambiaef.wav,An,gambiae
./Abuzz/An. gambiae/70_ae_rsp.wav,An,gambiae
./Abuzz/An. gambiae/80_ae_11-16-2016-150308 gambiae f.wav,An,gambiae
./Abuzz/An. gambiae/80_ae_11-17-2016-150332 akron .wav,An,gambiae
./Abuzz/An. gambiae/80_ae_11-18-2016-145016 rsp f.wav,An,gambiae
./Abuzz/An. gambiae/80_ae_akronf.wav,An,gambiae
./Abuzz/An. gambiae/80_ae_gambiaef.wav,An,gambiae
./Abuzz/An. gambiae/80_ae_rsp.wav,An,gambiae
./Abuzz/An. gambiae/90_ae_11-16-2016-150308 gambiae f.wav,An,gambiae
./Abuzz/An. gambiae/90_ae_11-17-2016-150332 akron .wav,An,gambiae
./Abuzz/An. gambiae/90_ae_11-18-2016-145016 rsp f.wav,An,gambiae
./Abuzz/An. gambiae/90_ae_akronf.wav,An,gambiae
./Abuzz/An. gambiae/90_ae_gambiaef.wav,An,gambiae
./Abuzz/An. gambiae/90_ae_rsp.wav,An,gambiae
./Abuzz/C. pipiens/0_ns_Cxp 1.wav,C,pipiens
./Abuzz/C. pipiens/0_ns_Cxp 2.wav,C,pipiens
./Abuzz/C. pipiens/0_ns_Cxp 3.wav,C,pipiens
./Abuzz/C. pipiens/0_ns_P1.wav,C,pipiens
./Abuzz/C. pipiens/0_ns_P2.wav,C,pipiens
./Abuzz/C. pipiens/0_ns_P3.wav,C,pipiens
./Abuzz/C. pipiens/0_ns_P4.wav,C,pipiens
./Abuzz/C. pipiens/0_ns_P5.wav,C,pipiens
./Abuzz/C. pipiens/100_ns_Cxp 1.wav,C,pipiens
./Abuzz/C. pipiens/100_ns_Cxp 3.wav,C,pipiens
./Abuzz/C. pipiens/10_ns_Cxp 1.wav,C,pipiens
./Abuzz/C. pipiens/10_ns_Cxp 2.wav,C,pipiens
./Abuzz/C. pipiens/10_ns_Cxp 3.wav,C,pipiens
./Abuzz/C. pipiens/10_ns_P1.wav,C,pipiens
./Abuzz/C. pipiens/10_ns_P2.wav,C,pipiens
./Abuzz/C. pipiens/10_ns_P3.wav,C,pipiens
./Abuzz/C. pipiens/10_ns_P4.wav,C,pipiens
./Abuzz/C. pipiens/10_ns_P5.wav,C,pipiens
./Abuzz/C. pipiens/110_ns_Cxp 1.wav,C,pipiens
./Abuzz/C. pipiens/110_ns_Cxp 3.wav,C,pipiens
./Abuzz/C. pipiens/120_ns_Cxp 3.wav,C,pipiens
./Abuzz/C. pipiens/20_ns_Cxp 1.wav,C,pipiens
./Abuzz/C. pipiens/20_ns_Cxp 2.wav,C,pipiens
./Abuzz/C. pipiens/20_ns_Cxp 3.wav,C,pipiens
./Abuzz/C. pipiens/20_ns_P1.wav,C,pipiens
./Abuzz/C. pipiens/20_ns_P2.wav,C,pipiens
./Abuzz/C. pipiens/20_ns_P3.wav,C,pipiens
./Abuzz/C. pipiens/20_ns_P4.wav,C,pipiens
./Abuzz/C. pipiens/20_ns_P5.wav,C,pipiens
./Abuzz/C. pipiens/30_ns_Cxp 1.wav,C,pipiens
./Abuzz/C. pipiens/30_ns_Cxp 2.wav,C,pipiens
./Abuzz/C. pipiens/30_ns_Cxp 3.wav,C,pipiens
./Abuzz/C. pipiens/30_ns_P1.wav,C,pipiens
./Abuzz/C. pipiens/30_ns_P2.wav,C,pipiens
./Abuzz/C. pipiens/30_ns_P3.wav,C,pipiens
./Abuzz/C. pipiens/30_ns_P4.wav,C,pipiens
./Abuzz/C. pipiens/30_ns_P5.wav,C,pipiens
./Abuzz/C. pipiens/40_ns_Cxp 1.wav,C,pipiens
./Abuzz/C. pipiens/40_ns_Cxp 2.wav,C,pipiens
./Abuzz/C. pipiens/40_ns_Cxp 3.wav,C,pipiens
./Abuzz/C. pipiens/40_ns_P3.wav,C,pipiens
./Abuzz/C. pipiens/40_ns_P4.wav,C,pipiens
./Abuzz/C. pipiens/40_ns_P5.wav,C,pipiens
./Abuzz/C. pipiens/50_ns_Cxp 1.wav,C,pipiens
./Abuzz/C. pipiens/50_ns_Cxp 2.wav,C,pipiens
./Abuzz/C. pipiens/50_ns_Cxp 3.wav,C,pipiens
./Abuzz/C. pipiens/50_ns_P3.wav,C,pipiens
./Abuzz/C. pipiens/50_ns_P4.wav,C,pipiens
./Abuzz/C. pipiens/50_ns_P5.wav,C,pipiens
./Abuzz/C. pipiens/60_ns_Cxp 1.wav,C,pipiens
./Abuzz/C. pipiens/60_ns_Cxp 3.wav,C,pipiens
./Abuzz/C. pipiens/60_ns_P3.wav,C,pipiens
./Abuzz/C. pipiens/60_ns_P4.wav,C,pipiens
./Abuzz/C. pipiens/70_ns_Cxp 1.wav,C,pipiens
./Abuzz/C. pipiens/70_ns_Cxp 3.wav,C,pipiens
./Abuzz/C. pipiens/70_ns_P3.wav,C,pipiens
./Abuzz/C. pipiens/70_ns_P4.wav,C,pipiens
./Abuzz/C. pipiens/80_ns_Cxp 1.wav,C,pipiens
./Abuzz/C. pipiens/80_ns_Cxp 3.wav,C,pipiens
./Abuzz/C. pipiens/80_ns_P4.wav,C,pipiens
./Abuzz/C. pipiens/90_ns_Cxp 1.wav,C,pipiens
./Abuzz/C. pipiens/90_ns_Cxp 3.wav,C,pipiens
./Abuzz/C. quinquefasciatus/0_us_Cxq 1.wav,C,quinquefasciatus
./Abuzz/C. quinquefasciatus/0_us_Cxq 2.wav,C,quinquefasciatus
./Abuzz/C. quinquefasciatus/0_us_Cxq 3.wav,C,quinquefasciatus
./Abuzz/C. quinquefasciatus/0_us_Cxq 4.wav,C,quinquefasciatus
./Abuzz/C. quinquefasciatus/0_us_Q1.wav,C,quinquefasciatus
./Abuzz/C. quinquefasciatus/0_us_Q2.wav,C,quinquefasciatus
./Abuzz/C. quinquefasciatus/0_us_Q3.wav,C,quinquefasciatus
./Abuzz/C. quinquefasciatus/0_us_Q4.wav,C,quinquefasciatus
./Abuzz/C. quinquefasciatus/0_us_Q5.wav,C,quinquefasciatus
./Abuzz/C. quinquefasciatus/0_us_Q6.wav,C,quinquefasciatus
./Abuzz/C. quinquefasciatus/0_us_Q7.wav,C,quinquefasciatus
./Abuzz/C. quinquefasciatus/0_us_Q8.wav,C,quinquefasciatus
./Abuzz/C. quinquefasciatus/10_us_Cxq 1.wav,C,quinquefasciatus
./Abuzz/C. quinquefasciatus/10_us_Cxq 2.wav,C,quinquefasciatus
./Abuzz/C. quinquefasciatus/10_us_Cxq 3.wav,C,quinquefasciatus
./Abuzz/C. quinquefasciatus/10_us_Cxq 4.wav,C,quinquefasciatus
./Abuzz/C. quinquefasciatus/10_us_Q1.wav,C,quinquefasciatus
./Abuzz/C. quinquefasciatus/10_us_Q2.wav,C,quinquefasciatus
./Abuzz/C. quinquefasciatus/10_us_Q3.wav,C,quinquefasciatus
./Abuzz/C. quinquefasciatus/10_us_Q4.wav,C,quinquefasciatus
./Abuzz/C. quinquefasciatus/10_us_Q5.wav,C,quinquefasciatus
./Abuzz/C. quinquefasciatus/10_us_Q6.wav,C,quinquefasciatus
./Abuzz/C. quinquefasciatus/10_us_Q7.wav,C,quinquefasciatus
./Abuzz/C. quinquefasciatus/10_us_Q8.wav,C,quinquefasciatus
./Abuzz/C. quinquefasciatus/20_us_Cxq 1.wav,C,quinquefasciatus
./Abuzz/C. quinquefasciatus/20_us_Cxq 2.wav,C,quinquefasciatus
./Abuzz/C. quinquefasciatus/20_us_Cxq 3.wav,C,quinquefasciatus
./Abuzz/C. quinquefasciatus/20_us_Cxq 4.wav,C,quinquefasciatus
./Abuzz/C. quinquefasciatus/20_us_Q2.wav,C,quinquefasciatus
./Abuzz/C. quinquefasciatus/20_us_Q3.wav,C,quinquefasciatus
./Abuzz/C. quinquefasciatus/20_us_Q4.wav,C,quinquefasciatus
./Abuzz/C. quinquefasciatus/20_us_Q5.wav,C,quinquefasciatus
./Abuzz/C. quinquefasciatus/20_us_Q6.wav,C,quinquefasciatus
./Abuzz/C. quinquefasciatus/20_us_Q7.wav,C,quinquefasciatus
./Abuzz/C. quinquefasciatus/20_us_Q8.wav,C,quinquefasciatus
./Abuzz/C. quinquefasciatus/30_us_Cxq 1.wav,C,quinquefasciatus
./Abuzz/C. quinquefasciatus/30_us_Cxq 2.wav,C,quinquefasciatus
./Abuzz/C. quinquefasciatus/30_us_Cxq 3.wav,C,quinquefasciatus
./Abuzz/C. quinquefasciatus/30_us_Cxq 4.wav,C,quinquefasciatus
./Abuzz/C. quinquefasciatus/30_us_Q2.wav,C,quinquefasciatus
./Abuzz/C. quinquefasciatus/30_us_Q3.wav,C,quinquefasciatus
./Abuzz/C. quinquefasciatus/30_us_Q4.wav,C,quinquefasciatus
./Abuzz/C. quinquefasciatus/30_us_Q5.wav,C,quinquefasciatus
./Abuzz/C. quinquefasciatus/30_us_Q6.wav,C,quinquefasciatus
./Abuzz/C. quinquefasciatus/30_us_Q7.wav,C,quinquefasciatus
./Abuzz/C. quinquefasciatus/30_us_Q8.wav,C,quinquefasciatus
./Abuzz/C. quinquefasciatus/40_us_Cxq 1.wav,C,quinquefasciatus
./Abuzz/C. quinquefasciatus/40_us_Cxq 2.wav,C,quinquefasciatus
./Abuzz/C. quinquefasciatus/40_us_Cxq 3.wav,C,quinquefasciatus
./Abuzz/C. quinquefasciatus/40_us_Cxq 4.wav,C,quinquefasciatus
./Abuzz/C. quinquefasciatus/40_us_Q2.wav,C,quinquefasciatus
./Abuzz/C. quinquefasciatus/40_us_Q3.wav,C,quinquefasciatus
./Abuzz/C. quinquefasciatus/40_us_Q4.wav,C,quinquefasciatus
./Abuzz/C. quinquefasciatus/40_us_Q5.wav,C,quinquefasciatus
./Abuzz/C. quinquefasciatus/40_us_Q6.wav,C,quinquefasciatus
./Abuzz/C. quinquefasciatus/50_us_Cxq 1.wav,C,quinquefasciatus
./Abuzz/C. quinquefasciatus/50_us_Cxq 2.wav,C,quinquefasciatus
./Abuzz/C. quinquefasciatus/50_us_Cxq 3.wav,C,quinquefasciatus
./Abuzz/C. quinquefasciatus/50_us_Cxq 4.wav,C,quinquefasciatus
./Abuzz/C. quinquefasciatus/50_us_Q3.wav,C,quinquefasciatus
./Abuzz/C. quinquefasciatus/50_us_Q5.wav,C,quinquefasciatus
./Abuzz/C. quinquefasciatus/60_us_Cxq 1.wav,C,quinquefasciatus
./Abuzz/C. quinquefasciatus/60_us_Cxq 4.wav,C,quinquefasciatus
./Abuzz/C. quinquefasciatus/70_us_Cxq 1.wav,C,quinquefasciatus
./Abuzz/C. quinquefasciatus/70_us_Cxq 4.wav,C,quinquefasciatus
./Abuzz/C. quinquefasciatus/80_us_Cxq 4.wav,C,quinquefasciatus
